{"shoulder_link": [[0.01396459260951751, -0.044504125695013594, -0.0424206730542154, -0.5000051655272314, 0.499994834419403, -0.499998507648962, 0.5000014923465838], [-0.013977409132366605, -0.04437349845582718, -0.04251467401659259, 0.5041893529089042, -0.5041789970834933, 0.4957790647023714, -0.495781962475467], [0.01513860465184056, -0.04540848097505836, -0.09290966641169818, 0.5149144015582924, -0.5149039848195475, 0.4846310230621091, -0.4846336935981551], [-0.01525339529217882, -0.045412887395423526, -0.09314466638230615, 0.5149820641677669, -0.5149716470562464, 0.48455912417934316, -0.48456179326091203], [0.01500063400429602, -0.04761281384897493, -0.13797065021899416, -0.4969415202398736, 0.4969312075571674, -0.5030434544381336, 0.5030465021888216], [-0.01499736597982642, -0.0476142059574429, -0.13697165021167465, -0.49713902781694397, 0.49712871393818403, -0.502848271226463, 0.5028513149271351]], "half_arm_1_link": [[-0.02067307618497613, -0.019274285659127033, -0.0523155692028808, -0.7071020732582817, 9.545393894277375e-06, 0.7071114890168669, 1.7534244095948341e-06], [-3.233123347288789e-06, -0.15531460202318265, -0.05105034535893322, -0.4999979108502882, -0.4999965793259919, 0.500010078551495, -0.4999954311337077], [0.03675401573108025, -0.15531498342223954, -0.032361834810785736, 0.6830091822984926, 0.18301078407648602, -0.18302371460699352, 0.6830137844136913], [0.036144576214190795, -0.155314509857368, 0.009729173305568398, 0.6830086949267742, -0.18301260297250077, 0.18300370586219628, 0.6830191457407014], [4.4827084407956254e-05, -0.15521272675375264, 0.028447652890368064, 0.4999965793259918, -0.4999979108502882, 0.4999954311337077, 0.5000100785514952], [-0.035957424782226716, -0.15531335857587064, 0.009654133401784299, 0.18301078407648613, -0.6830091822984925, 0.6830137844136912, 0.1830237146069938], [-0.03702098579761461, -0.15531380584862542, -0.03247685243722134, -0.1830126029725008, -0.6830086949267744, 0.6830191457407012, -0.18300370586219614], [3.704001088192575e-05, -0.19970461720455213, -0.052368856743960655, -0.06162708027856742, 0.7044208691393691, -0.06163751546402306, 0.7044105044536866], [0.03995234897296697, -0.1997049993237568, -0.029166388247801045, -0.022561368421079423, 0.25784028346786925, -0.08419494110938418, 0.962247673298182], [0.03971596148153666, -0.1997044886662523, 0.016831614901174068, -7.389841396824026e-06, -0.258812614001884, -6.291207029264843e-06, 0.9659275494255884], [-2.734655157884283e-06, -0.199684602797441, 0.039628143578872975, -9.545393894316626e-06, -0.7071020732582818, -1.7534244094770756e-06, 0.7071114890168667], [-0.03967403742269522, -0.19970321919964412, 0.016913672042956636, 9.143265806329836e-06, 0.9659241030187504, -3.254186864790354e-06, -0.2588254761673071], [-0.040005649904510075, -0.19970372075902898, -0.029082323542641286, -0.08417986574352536, 0.9622524517933453, -0.022564367326616333, 0.2578271098008264]], "half_arm_2_link": [[-6.991469946297856e-06, -0.04900691825742839, -0.22553774968667734, 0.5006169827079631, -0.5006119808237486, 0.4993859359124343, -0.49938358832961294], [-0.01570743468993592, -0.04639970090472128, -0.19025851795791632, 0.5157352512993383, -0.5157303239632846, 0.48375706845082955, -0.4837545681808016], [0.015254563494778415, -0.04486161739564491, -0.19011602399715216, 0.5157352512993383, -0.5157303239632846, 0.48375706845082955, -0.4837545681808016], [-0.011900715901888964, -0.04408635747701533, -0.144889595772634, 0.5140689134276227, -0.5140639775240361, 0.4855274403610801, -0.4855249570474504], [0.012063278246673213, -0.04409229635168629, -0.14525697864845405, 0.5141324640914835, -0.514127528513004, 0.48546014538427884, -0.48545766142456226], [-0.014899979077778751, -0.0432530256957544, -0.09863855396226912, -0.4947123814127004, 0.4947073522793364, -0.5052358893944328, 0.5052336007685556], [0.014064020982340985, -0.043276948558255805, -0.0986390166007472, -0.4947167903887758, 0.494711761275384, -0.5052315722391294, 0.5052292835693647], [0.022735557876295002, 0.03202941357589184, -0.052487708374247266, 0.6830102999738009, 0.1830077801176293, -0.5000067949407264, -0.4999982875562858], [0.022736335516946288, 0.04002978088764704, -0.002487767151559128, -0.6123713894697612, -0.35354801486185466, 0.3535603972150564, 0.6123725402622553], [0.04298964225881239, 0.00034546751771268036, -0.05248779925531605, -0.707109378439116, 4.707803203261246e-06, 6.591025475249578e-06, 0.7071041838780493], [0.046049441205759656, 0.00034584297650143946, -0.0024878481427071386, -0.707109378439116, 4.707803203261246e-06, 6.591025475249578e-06, 0.7071041838780493], [0.020338748880498025, -0.03968659280565651, -0.05248714323276943, -0.6123779804952365, 0.35355616901619474, -0.3535489812240593, 0.612367832459052], [0.023339547827453042, -0.039686217503997714, -0.0024871911774014266, -0.6123779804952365, 0.35355616901619474, -0.3535489812240593, 0.612367832459052], [-0.020685250187277893, -0.04003470206157436, -0.05248648515516946, -0.35356039721505667, 0.6123725402622553, -0.6123713894697612, 0.3535480148618548], [-0.022684451239666826, -0.040034340076014495, -0.0024864532049687638, -0.35356039721505667, 0.6123725402622553, -0.6123713894697612, 0.3535480148618548], [-0.04299835587622247, -0.000350761487208983, -0.05248642014298793, 6.591025475292874e-06, -0.7071041838780495, 0.7071093784391158, 4.707803203217949e-06], [-0.045997556928480204, -0.0003504021648689029, -0.002486372213820809, 6.591025475292874e-06, -0.7071041838780495, 0.7071093784391158, 4.707803203217949e-06], [-0.023288441190824863, 0.03168129100387505, -0.05248697040181455, -0.49999454947106003, -0.4999966948434756, 0.683018776865969, 0.18301395054297803], [-0.023287663550173577, 0.03968165831563025, -0.0024870291791264654, -0.3535489812240593, -0.6123678324590521, 0.6123779804952364, 0.3535561690161945]],